Ürün Görseli,Ürün Adı,Barkod
"https://cdn.getir.com/product/5f36a02ca55e7c6eb5a62eb4_tr_1637858091633.jpeg","La Lorraine Tam Buğday Unlu Ekmek (350 g)","4400154"
"https://cdn.getir.com/product/5f36a184806f3af06dc92da3_tr_1637858162775.jpeg","La Lorraine Çavdar Ekmeği (300 g)","4400155"
"https://cdn.getir.com/product/5f36a28b29d3b131b9d95548_tr_1637858193743.jpeg","La Lorraine Tombul Ekmek (320 g)","8681573030612"
"https://cdn.getir.com/product/5f36a342feba7929034a1562_tr_1610972748444.jpeg","La Lorraine Dondurulmuş Mini Rustik Baget (10'lu)","4400152"
"https://cdn.getir.com/product/5f36a3bfe734034466325225_tr_1610972810517.jpeg","La Lorraine Dondurulmuş Mini Ciabatta (10'lu)","4400147"
"https://cdn.getir.com/product/5f6308e3cab54927754ea3ae_tr_1610972854476.jpeg","La Lorraine Dondurulmuş Mini Sade Baget (10'lu)","8699975525353"
"https://cdn.getir.com/product/5f630d570a7f7f8226cd09e1_tr_1610972903942.jpeg","La Lorraine Dondurulmuş Mini Esmer Baget (10'lu)","8699975525391"
"https://cdn.getir.com/product/5f63101a9aa05474b76aa1f6_tr_1663856250168.jpeg","La Lorraine Sade Baget (255 g)","8681573030896"
"https://cdn.getir.com/misc/product_placeholder_getir_logo.jpeg","La Lorraine Ekmek Kraftı","10300008"
"https://cdn.getir.com/misc/product_placeholder_getir_logo.jpeg","La Lorraine Baget Kraftı","10300010"
"https://cdn-image.getir.com/market/product/88a66fbf-7b26-4a75-8fe4-22ae1aa98b8d.png","La Lorraine - Uğur/UDD 560 BK - Donuk Dolap (Sandık Tipi 150 cm)","108181500700900"
"https://cdn.getir.com/product/609242c9a76e6b5916abe5b7_tr_1620307855233.jpeg","La Lorraine Sokak Simiti (90 g)","8681573033125"
"https://cdn.getir.com/product/60acfe9b1eb103cbec519ec4_tr_1621951745568.jpeg","La Lorraine Sokak Simiti (2 x 90 g)","lalorreınesımıt2lı_g10"
"https://cdn.getir.com/product/612e0f398c9071404760f426_tr_1637858225157.jpeg","La Lorraine Peynirli Poğaça (73 g)","8681573033194"
"https://cdn.getir.com/misc/product_placeholder_getir_logo.jpeg","La Lorraine Çörek Kraftı","10300006"
"https://cdn.getir.com/product/615c0611653f36c74cea0a34_tr_1637858643935.jpeg","La Lorraine Peynirli Poğaça (2 x 75 g)","lalorraine2lipogaca_cmn"
"https://cdn.getir.com/product/6160388220feae696a682788_tr_1637858530534.jpeg","La Lorraine Patatesli Rulo Börek (85 g)","8681573031749"
"https://cdn.getir.com/product/616052c9d6439998da2cbfc1_tr_1637858477981.jpeg","La Lorraine Ispanaklı Börek (85 g)","8681573031756"
"https://cdn.getir.com/product/616058b39798956eb4c85472_tr_1637858433588.jpeg","La Lorraine Balkan Çöreği (85 g)","8681573031961"
"https://cdn.getir.com/product/61605c6e6b8455ddeb7dce74_tr_1637858373564.jpeg","La Lorraine Tereyağlı Kruvasan (55 g)","8681573031923"
"https://cdn.getir.com/product/616060d0ef547aa314db243e_tr_1637858318394.jpeg","La Lorraine Çikolata Kremalı Kruvasan (65 g)","8681573031954"
"https://cdn.getir.com/product/619d70f1688346254e871b0f_tr_1655911497902.jpeg","La Lorraine Tereyağlı Kruvasan İkilisi (2 x 55 g)","lalorrainekruvasan2li_cmn"
"https://cdn.getir.com/product/6220baae4bb7b497000eb833_tr_1653311375038.jpeg","La Lorraine Ispanaklı Börek İkilisi (2 x 95 g)","ıspanaklıbörekikilisi"
"https://cdn.getir.com/product/6290899851c6ae49ba8afd65_tr_1653661198634.jpeg","La Lorraine Taze Baget (110 g)","1234567891050"
"https://cdn.getir.com/product/62909e2bdcee1f469f9c0cb8_tr_1653660899122.jpeg","La Lorraine Peynirli Danish Çörek (65 g)","8681573032319"
"https://cdn-image.getir.com/market/product/818b0665-f906-4860-ac4a-157cf0cfcee1.jpg","La Lorraine Çilekli Danish Çörek (65 g)","8681573032258"
"https://cdn.getir.com/product/6290a665449ded5fc35b84b6_tr_1653663320066.jpeg","La Lorraine Kıymalı Patatesli Börek (80 g)","8681573031824"
"https://cdn.getir.com/product/62b315e840ebfd286af1dc2b_tr_1655909526023.jpeg","La Lorraine Ispanaklı Börek İkilisi (2 x 85 g)","lalorraineıspanaklıbörek2lig10"
"https://cdn.getir.com/product/62b335c2a2b31d45c73a77b0_tr_1655994492800.jpeg","La Lorraine Kıymalı Patatesli Börek (2 x 95 g)","lalorrainekıymalıpatateslibörek2li"
"https://cdn-image.getir.com/market/product/1ee49732-5fac-4e9e-b982-3a9ecdd27273.jpeg","La Lorraine Kruvasan Paketi (2 Ürün)","lalorrainekruvasan_pkt"
"https://cdn-image.getir.com/market/product/b4d4cffd-416a-4d16-bba1-7cbddef74c1b.jpeg","La Lorraine Börek Paketi (2 Ürün)","lalorraineborek_bundle"
"https://cdn.getir.com/product/62ea5c24048c639f845c6e7d_tr_1659942855529.png","La Lorraine Çilekli Danish Çörek (2 x 80 g)","çileklidanishg10"
"https://cdn.getir.com/product/63106adc577a601c05579c0e_tr_1663856666137.png","La Lorraine Rustik Esmer Baget Ekmek (95 g)","8681573030063"
"https://cdn.getir.com/product/631860f26bc62677977ba990_tr_1663856261687.jpeg","La Lorraine Zeytinli Kekikli Rustik Baget (110 g)","8681573033316"
"https://cdn-image.getir.com/market/product/aae2e032-9b72-417b-ac13-4fb0c869c4d8.jpg","La Lorraine Taze Ekmek Paketi (2 Ürün)","g10_lalrraine_tze_ekmk"
"https://cdn-image.getir.com/market/product/914d75bf-60eb-4fba-a75b-a48ea65dc189.jpg","La Lorraine Tam Buğday Ekmeği (360 g)","8681573033446"
"https://cdn-image.getir.com/market/product/6dbbe79c-b1f5-4ec7-b059-5f3253b915f5.jpg","La Lorraine Çavdar Ekmeği (380 g) (380 g)","8681573033439"
"https://cdn-image.getir.com/market/product/b0549f0c-7e34-46e8-9e6f-732b171d558e.jpeg","La Lorraine Üç Peynirli Mini Çörek (24 g)","8681573033392"
"https://cdn-image.getir.com/market/product/921365c0-7fd5-4cff-a4ba-06b449a0bb5a.jpg","La Lorraine Üç Peynirli Mini Çörek (2 x 24 g)","minicörekg10bundle2li"
"https://cdn-image.getir.com/market/product/921406a0-b271-4e1a-963d-f7d377ee0340.jpg","La Lorraine Üzümlü Çörek (80 g)","8681573031992"
"https://cdn-image.getir.com/market/product/5f674162-c5b1-4400-b41f-dd055a7f3c5a.jpg","La Lorraine Fındıklı ve Çikolata Kremalı Çörek (80 g)","8681573031978"
"https://cdn-image.getir.com/market/product/a9d0e8b6-2c37-4ce1-8d4c-f9db8b5a1ff4.jpg","La Lorraine Pizza Çörek (110 g)","8681573033415"
"https://cdn-image.getir.com/market/product/5a034162-b45d-457b-814e-af29d2deb2d8.jpg","La Lorraine Ciabatta (105 g)","8681573030537"
"https://vsrm-cdn.erp.getirapi.com/docs/20260623133042351__La-Lorraine-Yenilenen-Tombul-Ekmek-300-g.jpg","La Lorraine Yenilenen Tombul Ekmek (300 g)","5941878404550"
"https://cdn-image.getir.com/market/product/b7731458-9e60-4fd8-87ff-0e2c02508581.jpg","La Lorraine İki Peynirli Çörek (80 g)","8681573033408"
"https://cdn-image.getir.com/market/product/27984113-6422-4206-a8a7-ea3456205d26.jpg","La Lorraine Peynirli Kruvasan (65 g)","8681573032302"
"https://cdn-image.getir.com/market/product/abac2c74-1cb7-4c1d-9585-bca6ff364671.jpg","La Lorraine Patlıcanlı Rulo Börek (80 g)","8681573032180"
"https://cdn-image.getir.com/market/product/b08a3a1c-8784-40b9-9375-29f2fde4abc7.jpg","La Lorraine Taze Baget (110 g)","5941878404789"
"https://cdn-image.getir.com/market/product/dd1fe1f1-2b0b-4265-b25f-8c4cc3041bd4.jpg","La Lorraine Taze Baget (2 x 110 g)","66990addc0f970edb6d176af_g10_gb_x2"
"https://cdn-image.getir.com/market/product/5551e691-b723-41be-a108-54399dafa58d.jpg","La Lorraine Vanilya Kremalı Kruvasan (80 g)","8681573033637"
"https://cdn-image.getir.com/market/product/0f972d72-f4b5-40d6-86f1-5ac0a94ac563.jpg","La Lorraine Peynirli Rulo Börek (85 g)","8681573031732"
"https://cdn-image.getir.com/market/product/0e7b43c6-1701-4dc4-9ad3-2efe537d67f8.jpg","La Lorraine Kare Rustik Ekmek (385 g)","8681573030278"
"https://cdn-image.getir.com/market/product/ca04853f-e836-41b5-9c83-95f13c7a56d7.jpg","La Lorraine Peynirli Milföy Böreği (105 g)","8681573033705"
"https://cdn-image.getir.com/market/product/7b2aba13-1ee1-4699-97d0-7663256452ad.jpg","La Lorraine Çikolata Dolgulu Kruvasan  (65 g)","8681573032241"
"https://cdn-image.getir.com/market/product/bf9ba8ab-8a94-43ff-8fe5-75f25f02255e.jpg","La Lorraine Jalapeno Biberli Peynirli Çörek (1 Adet)","8681573033767"
"https://cdn-image.getir.com/market/product/83f85fc4-ebdc-4837-a1ae-f4ddd851e614.jpg","La Lorraine Ciabatta (145 g)","8681573033712"
"https://cdn-image.getir.com/market/product/e5afc2de-5e6f-47d7-9d6d-8097a9a753f4.jpg","La Lorraine Antep Fıstıklı Kruvasan (75 g)","8681573033743"
"https://cdn-image.getir.com/market/product/69e5e6e5-7572-464f-8095-80734f4308be.jpg","La Lorraine Ekşi Mayalı Tam Buğday Ekmeği (380 g)","8681573033804"
"https://vsrm-cdn.erp.getirapi.com/docs/20260814104456954_La-Lorraine-Eksi-Mayali-Rustik-Ekmek-.jpg","La Lorraine Ekşi Mayalı Kare Rustik Ekmek (385 g)","8681573033927"
"https://cdn-image.getir.com/market/product/5d6d261b-bf65-43ab-88e5-b60e4ef8a0b4.jpg","La Lorraine Kuru Domatesli Fesleğenli Baget (135 g)","8681573033842"